"","acr_homology","high_condence_acr_GBA","ID","low_condence_acr_GBA","medium_condence_acr_GBA"
"1","AcrIIA15","no","GCF_000009005.1_ASM900v1","no","no"
"2","AcrIIA15","no","GCF_000009585.1_ASM958v1","no","no"
"3","AcrIIA15","no","GCF_000009645.1_ASM964v1","no","no"
"4","AcrIIA15","no","GCF_000009665.1_ASM966v1","no","no"
"5","AcrIIA15","no","GCF_000010445.1_ASM1044v1","no","no"
"6","AcrIIA15","no","GCF_000010465.1_ASM1046v1","no","no"
"7","AcrIIA15","no","GCF_000011265.1_ASM1126v1","no","no"
"8","AcrIIA15","no","GCF_000011505.1_ASM1150v1","no","no"
"9","AcrIIA15","no","GCF_000011525.1_ASM1152v1","no","no"
"10","AcrIIA15","no","GCF_000012045.1_ASM1204v1","no","no"
"11","AcrIIA15","no","GCF_000013425.1_ASM1342v1","no","no"
"12","AcrIIA15","no","GCF_000013465.1_ASM1346v1","no","no"
"13","AcrIIA15","no","GCF_000016805.1_ASM1680v1","no","no"
"14","AcrIIA15","no","GCF_000017085.1_ASM1708v1","no","no"
"15","AcrIIA15","no","GCF_000024585.1_ASM2458v1","no","no"
"16","AcrIIA15","no","GCF_000025145.1_ASM2514v1","no","no"
"17","AcrIIA15","no","GCF_000027045.1_ASM2704v1","no","no"
"18","AcrIIA15","no","GCF_000144955.1_ASM14495v1","no","no"
"19","AcrIIA15","no","GCF_000145595.1_ASM14559v1","no","no"
"20","AcrIIA15","no","GCF_000159535.2_ASM15953v2","no","no"
"21","AcrIIA15","no","GCF_000160335.2_ASM16033v2","no","no"
"22","AcrIIA15","no","GCF_000189455.2_ASM18945v3","no","no"
"23","AcrIIA15","no","GCF_000204665.1_ASM20466v1","no","no"
"24","AcrIIA15","no","GCF_000210315.1_ASM21031v1","no","no"
"25","AcrIIA15","no","GCF_000237125.2_ASM23712v3","no","no"
"26","AcrIIA15","no","GCF_000237265.1_ASM23726v1","no","no"
"27","AcrIIA15","no","GCF_000239235.1_ASM23923v1","no","no"
"28","AcrIIA15","no","GCF_000245495.1_ASM24549v1","no","no"
"29","AcrIIA15","no","GCF_000253135.1_ASM25313v1","no","no"
"30","AcrIIA15","no","GCF_000284535.1_ASM28453v1","no","no"
"31","AcrIIA15","no","GCF_000296595.1_ASM29659v1","AcrIIA1;AcrIIA14;AcrVA2","no"
"32","AcrIIA15","no","GCF_000382965.1_ASM38296v1","no","no"
"33","AcrIIA15","no","GCF_000382985.1_ASM38298v1","no","no"
"34","AcrIIA15","no","GCF_000383005.1_ASM38300v1","no","no"
"35","AcrIIA15","no","GCF_000412775.1_ASM41277v1","no","no"
"36","AcrIIA15","no","GCF_000418345.1_ASM41834v1","no","no"
"37","AcrIIA15","no","GCF_000452385.2_ASM45238v2","no","no"
"38","AcrIIA15","no","GCF_000462955.1_ASM46295v1","no","no"
"39","AcrIIA15","no","GCF_000463055.1_ASM46305v1","no","no"
"40","AcrIIA15","no","GCF_000470845.1_ASM47084v1","no","no"
"41","AcrIIA15","no","GCF_000470865.1_ASM47086v1","no","no"
"42","AcrIIA15","no","GCF_000485885.1_ASM48588v1","no","no"
"43","AcrIIA15","no","GCF_000568455.1_ASM56845v1","no","no"
"44","AcrIIA15","no","GCF_000597965.1_ASM59796v1","no","no"
"45","AcrIIA15","no","GCF_000626615.2_ASM62661v3","no","no"
"46","AcrIIA15","no","GCF_000695215.1_ASM69521v1","no","no"
"47","AcrIIA15","no","GCF_000695875.1_ASM69587v1","no","no"
"48","AcrIIA15","no","GCF_000709475.1_ASM70947v1","no","no"
"49","AcrIIA15","no","GCF_000737615.1_ASM73761v1","no","no"
"50","AcrIIA15","no","GCF_000746505.1_ASM74650v1","no","no"
"51","AcrIIA15","no","GCF_000756205.1_ASM75620v1","no","no"
"52","AcrIIA15","no","GCF_000769575.1_ASM76957v1","no","no"
"53","AcrIIA15","no","GCF_000772025.1_ASM77202v1","no","no"
"54","AcrIIA15","no","GCF_000815045.1_ASM81504v1","no","no"
"55","AcrIIA15","no","GCF_000815085.1_ASM81508v1","no","no"
"56","AcrIIA15","no","GCF_000815125.1_ASM81512v1","no","no"
"57","AcrIIA15","no","GCF_000815165.1_ASM81516v1","no","no"
"58","AcrIIA15","no","GCF_000815205.1_ASM81520v1","no","no"
"59","AcrIIA15","no","GCF_000815245.1_ASM81524v1","no","no"
"60","AcrIIA15","no","GCF_000828035.1_ASM82803v1","no","no"
"61","AcrIIA15","no","GCF_000953255.1_Staphylococcus_aureus_Sa_ILRI_217","no","no"
"62","AcrIIA15","no","GCF_000967325.1_ASM96732v1","no","no"
"63","AcrIIA15","no","GCF_000967345.1_ASM96734v1","no","no"
"64","AcrIIA15","no","GCF_000967365.1_ASM96736v1","no","no"
"65","AcrIIA15","no","GCF_000967385.1_ASM96738v1","no","no"
"66","AcrIIA15","no","GCF_000967405.1_ASM96740v1","no","no"
"67","AcrIIA15","no","GCF_000969225.1_ASM96922v1","no","no"
"68","AcrIIA15","no","GCF_001018645.2_ASM101864v2","no","no"
"69","AcrIIA15","no","GCF_001018655.2_ASM101865v2","no","no"
"70","AcrIIA15","no","GCF_001018685.2_ASM101868v2","no","no"
"71","AcrIIA15","no","GCF_001018725.2_ASM101872v2","no","no"
"72","AcrIIA15","no","GCF_001018735.2_ASM101873v2","no","no"
"73","AcrIIA15","no","GCF_001018775.2_ASM101877v2","no","no"
"74","AcrIIA15","no","GCF_001018805.1_ASM101880v2","no","no"
"75","AcrIIA15","no","GCF_001018835.2_ASM101883v2","no","no"
"76","AcrIIA15","no","GCF_001018845.2_ASM101884v2","no","no"
"77","AcrIIA15","no","GCF_001018915.2_ASM101891v2","no","no"
"78","AcrIIA15","no","GCF_001018975.2_ASM101897v2","no","no"
"79","AcrIIA15","no","GCF_001019125.2_ASM101912v2","no","no"
"80","AcrIIA15","no","GCF_001019205.2_ASM101920v2","no","no"
"81","AcrIIA15","no","GCF_001019255.2_ASM101925v2","no","no"
"82","AcrIIA15","no","GCF_001019275.2_ASM101927v2","no","no"
"83","AcrIIA15","no","GCF_001019305.2_ASM101930v2","no","no"
"84","AcrIIA15","no","GCF_001019395.2_ASM101939v2","no","no"
"85","AcrIIA15","no","GCF_001019415.2_ASM101941v2","no","no"
"86","AcrIIA15","no","GCF_001019435.2_ASM101943v2","no","no"
"87","AcrIIA15","no","GCF_001019485.2_ASM101948v2","no","no"
"88","AcrIIA15","no","GCF_001019495.2_ASM101949v2","no","no"
"89","AcrIIA15","no","GCF_001019535.2_ASM101953v2","no","no"
"90","AcrIIA15","no","GCF_001019575.2_ASM101957v2","no","no"
"91","AcrIIA15","no","GCF_001021875.1_ASM102187v1","no","no"
"92","AcrIIA15","no","GCF_001021895.1_ASM102189v1","no","no"
"93","AcrIIA15","no","GCF_001027045.1_ASM102704v1","no","no"
"94","AcrIIA15","no","GCF_001027105.1_ASM102710v1","no","no"
"95","AcrIIA15","no","GCF_001045795.2_ASM104579v2","no","no"
"96","AcrIIA15","no","GCF_001045995.2_ASM104599v2","no","no"
"97","AcrIIA15","no","GCF_001046095.2_ASM104609v2","no","no"
"98","AcrIIA15","no","GCF_001183705.3_ASM118370v3","no","no"
"99","AcrIIA15","no","GCF_001183725.2_ASM118372v2","no","no"
"100","AcrIIA15|AcrIIA14","no","GCF_001278745.1_ASM127874v1","no","no"
"101","AcrIIA15","no","GCF_001281145.1_ASM128114v1","no","no"
"102","AcrIIA15","no","GCF_001296985.1_ASM129698v1","no","no"
"103","AcrIIA15","no","GCF_001298325.2_ASM129832v2","no","no"
"104","AcrIIA15","no","GCF_001307235.1_ASM130723v1","AcrVA5;AcrIIA15;AcrVA2;AcrIIA13;AcrIIA14","no"
"105","AcrIIA15","no","GCF_001444345.1_ASM144434v1","no","no"
"106","AcrIIA15","no","GCF_001456215.1_ASM145621v1","no","no"
"107","AcrIIA15","no","GCF_001457495.1_NCTC13435","no","no"
"108","AcrIIA15","no","GCF_001465635.1_ASM146563v1","no","no"
"109","AcrIIA15","no","GCF_001465675.1_ASM146567v1","no","no"
"110","AcrIIA15","no","GCF_001465755.1_ASM146575v1","no","no"
"111","AcrIIA15","no","GCF_001515665.1_ASM151566v1","no","no"
"112","AcrIIA15","no","GCF_001515685.1_ASM151568v1","no","no"
"113","AcrIIA15","no","GCF_001515705.1_ASM151570v1","no","no"
"114","AcrIIA15","no","GCF_001515745.1_ASM151574v1","no","no"
"115","AcrIIA15","no","GCF_001515765.1_ASM151576v1","no","no"
"116","AcrIIA15","no","GCF_001548295.1_ASM154829v1","no","no"
"117","AcrIIA15","no","GCF_001548415.1_ASM154841v1","no","no"
"118","AcrIIA15","no","GCF_001549655.1_ASM154965v1","no","no"
"119","AcrIIA15","no","GCF_001549675.1_ASM154967v1","no","no"
"120","AcrIIA15","no","GCF_001558795.2_ASM155879v2","no","no"
"121","AcrIIA15","no","GCF_001580495.1_ASM158049v1","no","no"
"122","AcrIIA15","no","GCF_001580515.1_ASM158051v1","no","no"
"123","AcrIIA15","no","GCF_001594205.1_ASM159420v1","no","no"
"124","AcrIIA15","no","GCF_001611325.1_ASM161132v1","no","no"
"125","AcrIIA15","no","GCF_001611345.1_ASM161134v1","no","no"
"126","AcrIIA15","no","GCF_001611365.1_ASM161136v1","no","no"
"127","AcrIIA15","no","GCF_001611385.1_ASM161138v1","no","no"
"128","AcrIIA15","no","GCF_001611405.1_ASM161140v1","no","no"
"129","AcrIIA15","no","GCF_001611425.1_ASM161142v1","no","no"
"130","AcrIIA15","no","GCF_001618305.1_ASM161830v1","no","no"
"131","AcrIIA15","no","GCF_001640885.1_ASM164088v1","no","no"
"132","AcrIIA15","no","GCF_001640905.1_ASM164090v1","no","no"
"133","AcrIIA15","no","GCF_001640925.1_ASM164092v1","no","no"
"134","AcrIIA15","no","GCF_001641025.1_ASM164102v1","no","no"
"135","AcrIIA15","no","GCF_001641045.1_ASM164104v1","no","no"
"136","AcrIIA15","no","GCF_001656045.1_ASM165604v1","no","no"
"137","AcrIIA15","no","GCF_001656075.1_ASM165607v1","no","no"
"138","AcrIIA15","no","GCF_001717645.1_ASM171764v3","no","no"
"139","AcrIIA15","no","GCF_001717665.1_ASM171766v2","no","no"
"140","AcrIIA15","no","GCF_001717685.1_ASM171768v3","no","no"
"141","AcrIIA15","no","GCF_001717705.1_ASM171770v2","no","no"
"142","AcrIIA15","no","GCF_001717725.1_ASM171772v2","no","no"
"143","AcrIIA15","no","GCF_001717975.2_ASM171797v3","no","no"
"144","AcrIIA15","no","GCF_001725965.1_ASM172596v1","no","no"
"145","AcrIIA15","no","GCF_001735655.2_ASM173565v2","no","no"
"146","AcrIIA15","no","GCF_001879545.1_ASM187954v1","no","no"
"147","AcrIIA15","no","GCF_001880265.1_ASM188026v1","no","no"
"148","AcrIIA15","no","GCF_001887075.1_ASM188707v1","no","no"
"149","AcrIIA15","no","GCF_001900185.1_ASM190018v1","no","no"
"150","AcrIIA15","no","GCF_001956755.1_ASM195675v1","no","no"
"151","AcrIIA15","no","GCF_001956815.1_ASM195681v1","no","no"
"152","AcrIIA15","no","GCF_001975005.1_ASM197500v1","no","no"
"153","AcrIIA15","no","GCF_001975045.1_ASM197504v1","no","no"
"154","AcrIIA15","no","GCF_001986135.1_ASM198613v1","no","no"
"155","AcrIIA15","no","GCF_002000565.1_ASM200056v1","no","no"
"156","AcrIIA15","no","GCF_002000585.1_ASM200058v1","no","no"
"157","AcrIIA15","no","GCF_002000605.1_ASM200060v1","no","no"
"158","AcrIIA15","no","GCF_002000625.1_ASM200062v1","no","no"
"159","AcrIIA15","no","GCF_002000645.1_ASM200064v1","no","no"
"160","AcrIIA15","no","GCF_002000665.1_ASM200066v1","no","no"
"161","AcrIIA15","no","GCF_002000685.1_ASM200068v1","no","no"
"162","AcrIIA15","no","GCF_002000705.1_ASM200070v1","no","no"
"163","AcrIIA15","no","GCF_002000725.1_ASM200072v1","no","no"
"164","AcrIIA15","no","GCF_002000745.1_ASM200074v1","no","no"
"165","AcrIIA15","no","GCF_002000765.1_ASM200076v1","no","no"
"166","AcrIIA15","no","GCF_002000785.1_ASM200078v1","no","no"
"167","AcrIIA15","no","GCF_002000805.1_ASM200080v1","no","no"
"168","AcrIIA15","no","GCF_002000825.1_ASM200082v1","no","no"
"169","AcrIIA15","no","GCF_002000845.1_ASM200084v1","no","no"
"170","AcrIIA15","no","GCF_002000865.1_ASM200086v1","no","no"
"171","AcrIIA15","no","GCF_002025125.1_ASM202512v1","no","no"
"172","AcrIIA15","no","GCF_002025145.1_ASM202514v1","no","no"
"173","AcrIIA15","no","GCF_002085525.1_ASM208552v1","no","no"
"174","AcrIIA15","no","GCF_002088995.1_ASM208899v1","no","no"
"175","AcrIIA15","no","GCF_002089035.2_ASM208903v2","no","no"
"176","AcrIIA15","no","GCF_002089055.1_ASM208905v1","no","no"
"177","AcrIIA15","no","GCF_002089075.2_ASM208907v2","no","no"
"178","AcrIIA15","no","GCF_002089095.2_ASM208909v2","no","no"
"179","AcrIIA15","no","GCF_002089115.2_ASM208911v2","no","no"
"180","AcrIIA15","no","GCF_002097595.2_ASM209759v2","no","no"
"181","AcrIIA15","no","GCF_002140115.1_ASM214011v1","no","no"
"182","AcrIIA15","no","GCF_002202075.1_ASM220207v1","no","no"
"183","AcrIIA15","no","GCF_002202095.1_ASM220209v1","no","no"
"184","AcrIIA15","no","GCF_002204555.1_ASM220455v1","no","no"
"185","AcrIIA15","no","GCF_002204575.1_ASM220457v1","no","no"
"186","AcrIIA15","no","GCF_002209325.1_ASM220932v1","no","no"
"187","AcrIIA15","no","GCF_002214665.1_ASM221466v1","no","no"
"188","AcrIIA15","no","GCF_002310395.1_ASM231039v1","no","no"
"189","AcrIIA15","no","GCF_002310435.1_ASM231043v1","no","no"
"190","AcrIIA15","no","GCF_002355355.1_ASM235535v1","no","no"
"191","AcrIIA15","no","GCF_002356675.1_ASM235667v1","no","no"
"192","AcrIIA15","no","GCF_002386245.1_ASM238624v1","no","no"
"193","AcrIIA15","no","GCF_002442975.1_ASM244297v1","no","no"
"194","AcrIIA15","no","GCF_002633765.1_ASM263376v1","no","no"
"195","AcrIIA15","no","GCF_002633785.1_ASM263378v1","no","no"
"196","AcrIIA15","no","GCF_002633805.1_ASM263380v1","no","no"
"197","AcrIIA15","no","GCF_002633825.1_ASM263382v1","no","no"
"198","AcrIIA15","no","GCF_002633845.1_ASM263384v1","no","no"
"199","AcrIIA15","no","GCF_002633865.1_ASM263386v1","no","no"
"200","AcrIIA15","no","GCF_002786465.1_ASM278646v1","no","no"
"201","AcrIIA15","no","GCF_002786535.1_ASM278653v1","no","no"
"202","AcrIIA15","no","GCF_002795285.1_ASM279528v1","no","no"
"203","AcrIIA15","no","GCF_002803885.1_ASM280388v1","no","no"
"204","AcrIIA15","no","GCF_002850395.1_ASM285039v1","no","no"
"205","AcrIIA15","no","GCF_002850415.1_ASM285041v1","no","no"
"206","AcrIIA15","no","GCF_002895385.1_ASM289538v1","no","no"
"207","AcrIIA15","no","GCF_002952015.1_ASM295201v1","no","no"
"208","AcrIIA15","no","GCF_003010875.1_ASM301087v1","no","no"
"209","AcrIIA15","no","GCF_003029645.1_ASM302964v1","no","no"
"210","AcrIIA15","no","GCF_003030065.1_ASM303006v1","no","no"
"211","AcrIIA15","no","GCF_003030085.1_ASM303008v1","no","no"
"212","AcrIIA15","no","GCF_003030225.1_ASM303022v1","no","no"
"213","AcrIIA15","no","GCF_003031285.1_ASM303128v1","no","no"
"214","AcrIIA15","no","GCF_003031425.1_ASM303142v1","no","no"
"215","AcrIIA15","no","GCF_003031485.1_ASM303148v1","no","no"
"216","AcrIIA15","no","GCF_003073395.1_ASM307339v1","no","no"
"217","AcrIIA15","no","GCF_003073415.1_ASM307341v1","no","no"
"218","AcrIIA15","no","GCF_003073435.1_ASM307343v1","no","no"
"219","AcrIIA15","no","GCF_003073635.1_ASM307363v1","no","no"
"220","AcrIIA15","no","GCF_003073655.1_ASM307365v1","no","no"
"221","AcrIIA15","no","GCF_003073715.1_ASM307371v1","no","no"
"222","AcrIIA15","no","GCF_003073755.1_ASM307375v1","no","no"
"223","AcrIIA15","no","GCF_003073775.1_ASM307377v1","no","no"
"224","AcrIIA15","no","GCF_003111725.1_ASM311172v1","no","no"
"225","AcrIIA15","no","GCF_003111745.1_ASM311174v1","no","no"
"226","AcrIIA15","no","GCF_003184985.1_ASM318498v1","no","no"
"227","AcrIIA15","no","GCF_003185005.1_ASM318500v1","no","no"
"228","AcrIIA15","no","GCF_003186105.1_ASM318610v1","no","no"
"229","AcrIIA15|AcrIIA14","no","GCF_003186125.1_ASM318612v1","no","no"
"230","AcrIIA15","no","GCF_003193665.1_ASM319366v1","AcrIIA1;AcrIIA15;AcrIIA14","no"
"231","AcrIIA15","no","GCF_003193685.1_ASM319368v1","no","no"
"232","AcrIIA15","no","GCF_003193705.1_ASM319370v1","no","no"
"233","AcrIIA15","no","GCF_003193725.1_ASM319372v1","no","no"
"234","AcrIIA15","no","GCF_003193745.1_ASM319374v1","AcrIIA15;AcrIIA14;AcrVA2","no"
"235","AcrIIA15","no","GCF_003193765.1_ASM319376v1","no","no"
"236","AcrIIA15","no","GCF_003193785.1_ASM319378v1","AcrIIA1;AcrIIA15;AcrIIA14","no"
"237","AcrIIA15","no","GCF_003193885.1_ASM319388v1","no","no"
"238","AcrIIA15","no","GCF_003193965.1_ASM319396v1","no","no"
"239","AcrIIA15","no","GCF_003194005.1_ASM319400v1","no","no"
"240","AcrIIA15","no","GCF_003194025.1_ASM319402v1","no","no"
"241","AcrIIA15","no","GCF_003194405.1_ASM319440v1","no","no"
"242","AcrIIA15","no","GCF_003203595.1_ASM320359v1","no","no"
"243","AcrIIA15","no","GCF_003203615.1_ASM320361v1","no","no"
"244","AcrIIA15","no","GCF_003203635.1_ASM320363v1","no","no"
"245","AcrIIA15","no","GCF_003203655.1_ASM320365v1","no","no"
"246","AcrIIA15","no","GCF_003203675.1_ASM320367v1","no","no"
"247","AcrIIA15","no","GCF_003264775.1_ASM326477v1","no","no"
"248","AcrIIA15","no","GCF_003264815.1_ASM326481v1","no","no"
"249","AcrIIA15","no","GCF_003288395.1_ASM328839v1","no","no"
"250","AcrIIA15","no","GCF_003330905.1_ASM333090v1","no","no"
"251","AcrIIA15","no","GCF_003342735.1_ASM334273v1","no","no"
"252","AcrIIA15","no","GCF_003342775.1_ASM334277v1","no","no"
"253","AcrIIA15","no","GCF_003347055.1_ASM334705v1","no","no"
"254","AcrIIA15","no","GCF_003351925.1_ASM335192v1","no","no"
"255","AcrIIA15","no","GCF_003354545.1_ASM335454v1","no","no"
"256","AcrIIA15","no","GCF_003354565.1_ASM335456v1","no","no"
"257","AcrIIA15","no","GCF_003354585.1_ASM335458v1","no","no"
"258","AcrIIA15","no","GCF_003354605.1_ASM335460v1","no","no"
"259","AcrIIA15","no","GCF_003354625.1_ASM335462v1","no","no"
"260","AcrIIA15","no","GCF_003354645.1_ASM335464v1","no","no"
"261","AcrIIA15","no","GCF_003354665.1_ASM335466v1","no","no"
"262","AcrIIA15","no","GCF_003354685.1_ASM335468v1","no","no"
"263","AcrIIA15","no","GCF_003354705.1_ASM335470v1","no","no"
"264","AcrIIA15","no","GCF_003354725.1_ASM335472v1","no","no"
"265","AcrIIA15","no","GCF_003354745.1_ASM335474v1","no","no"
"266","AcrIIA15","no","GCF_003354765.1_ASM335476v1","no","no"
"267","AcrIIA15","no","GCF_003354785.1_ASM335478v1","no","no"
"268","AcrIIA15","no","GCF_003354805.1_ASM335480v1","no","no"
"269","AcrIIA15","no","GCF_003354865.1_ASM335486v1","no","no"
"270","AcrIIA15","no","GCF_003354885.1_ASM335488v1","no","no"
"271","AcrIIA15","no","GCF_003354905.1_ASM335490v1","no","no"
"272","AcrIIA15","no","GCF_003354925.1_ASM335492v1","no","no"
"273","AcrIIA15","no","GCF_003354945.1_ASM335494v1","no","no"
"274","AcrIIA15","no","GCF_003354965.1_ASM335496v1","no","no"
"275","AcrIIA15","no","GCF_003354985.1_ASM335498v1","no","no"
"276","AcrIIA15","no","GCF_003394105.1_ASM339410v1","no","no"
"277","AcrIIA15","no","GCF_003425545.1_ASM342554v1","no","no"
"278","AcrIIA15","no","GCF_003425835.1_ASM342583v1","no","no"
"279","AcrIIA15","no","GCF_003425885.1_ASM342588v1","no","no"
"280","AcrIIA15","no","GCF_003425915.1_ASM342591v1","no","no"
"281","AcrIIA15","no","GCF_003426145.1_ASM342614v1","no","no"
"282","AcrIIA15","no","GCF_003431365.1_ASM343136v1","no","no"
"283","AcrIIA15","no","GCF_003432345.1_ASM343234v1","no","no"
"284","AcrIIA15","no","GCF_003432365.1_ASM343236v1","no","no"
"285","AcrIIA15","no","GCF_003490125.1_ASM349012v1","no","no"
"286","AcrIIA15","no","GCF_003573835.1_ASM357383v1","no","no"
"287","AcrIIA15","no","GCF_003573855.1_ASM357385v1","no","no"
"288","AcrIIA15","no","GCF_003595365.1_ASM359536v1","no","no"
"289","AcrIIA15","no","GCF_003595385.1_ASM359538v1","no","no"
"290","AcrIIA15","no","GCF_003595405.1_ASM359540v1","no","no"
"291","AcrIIA15","no","GCF_003595425.1_ASM359542v1","no","no"
"292","AcrIIA15","no","GCF_003595445.1_ASM359544v1","no","no"
"293","AcrIIA15","no","GCF_003595465.1_ASM359546v1","no","no"
"294","AcrIIA15","no","GCF_003595485.1_ASM359548v1","no","no"
"295","AcrIIA15","no","GCF_003595505.1_ASM359550v1","no","no"
"296","AcrIIA15|AcrIIA14","no","GCF_003609855.1_ASM360985v1","no","no"
"297","AcrIIA15","no","GCF_003609895.1_ASM360989v1","no","no"
"298","AcrIIA15","no","GCF_003609915.1_ASM360991v1","no","no"
"299","AcrIIA15","no","GCF_003627835.1_ASM362783v1","no","no"
"300","AcrIIA15","no","GCF_003827735.1_ASM382773v1","no","no"
"301","AcrIIA15","no","GCF_003827915.1_ASM382791v1","no","no"
"302","AcrIIA15","no","GCF_003855575.1_ASM385557v1","no","no"
"303","AcrIIA15","no","GCF_003944865.1_ASM394486v1","no","no"
"304","AcrIIA15","no","GCF_003945405.1_ASM394540v1","no","no"
"305","AcrIIA15","no","GCF_003945425.1_ASM394542v1","no","no"
"306","AcrIIA15","no","GCF_003952625.1_ASM395262v1","no","no"
"307","AcrIIA15","no","GCF_003955945.1_ASM395594v1","no","no"
"308","AcrIIA15","no","GCF_003957315.1_ASM395731v1","no","no"
"309","AcrIIA15","no","GCF_003991015.1_ASM399101v1","no","no"
"310","AcrIIA15","no","GCF_004026165.1_ASM402616v1","no","no"
"311","AcrIIA15","no","GCF_004026185.1_ASM402618v1","no","no"
"312","AcrIIA15","no","GCF_004118995.1_ASM411899v1","no","no"
"313","AcrIIA15","no","GCF_004136235.1_ASM413623v1","no","no"
"314","AcrIIA15","no","GCF_004136255.1_ASM413625v1","no","no"
"315","AcrIIA15","no","GCF_004136655.1_ASM413665v1","no","no"
"316","AcrIIA15","no","GCF_004153345.1_ASM415334v1","no","no"
"317","AcrIIA15","no","GCF_004153365.1_ASM415336v1","no","no"
"318","AcrIIA15","no","GCF_004193875.1_ASM419387v1","no","no"
"319","AcrIIA15","no","GCF_004193895.1_ASM419389v1","no","no"
"320","AcrIIA15","no","GCF_004208595.1_ASM420859v1","no","no"
"321","AcrIIA15","no","GCF_004368035.1_ASM436803v1","no","no"
"322","AcrIIA15","no","GCF_004421085.1_ASM442108v1","no","no"
"323","AcrIIA15","no","GCF_004614295.1_ASM461429v1","no","no"
"324","AcrIIA15","no","GCF_004614315.1_ASM461431v1","no","no"
"325","AcrIIA15","no","GCF_004771335.1_ASM477133v1","no","no"
"326","AcrIIA15","no","GCF_004771515.1_ASM477151v1","no","no"
"327","AcrIIA15","no","GCF_004771975.1_ASM477197v1","no","no"
"328","AcrIIA15","no","GCF_004772055.1_ASM477205v1","no","no"
"329","AcrIIA15","no","GCF_004772175.1_ASM477217v1","no","no"
"330","AcrIIA15","no","GCF_004772215.1_ASM477221v1","no","no"
"331","AcrIIA15","no","GCF_004785995.1_ASM478599v1","no","no"
"332","AcrIIA15","no","GCF_004797195.1_ASM479719v1","no","no"
"333","AcrIIA15","no","GCF_005705815.1_ASM570581v1","no","no"
"334","AcrIIA15","no","GCF_005707015.1_ASM570701v1","no","no"
"335","AcrIIA15","no","GCF_005707215.1_ASM570721v1","no","no"
"336","AcrIIA15","no","GCF_005707335.1_ASM570733v1","no","no"
"337","AcrIIA15","no","GCF_005885975.1_ASM588597v1","no","no"
"338","AcrIIA15","no","GCF_005889995.1_ASM588999v1","no","no"
"339","AcrIIA15","no","GCF_005890015.1_ASM589001v1","no","no"
"340","AcrIIA15","no","GCF_005890035.1_ASM589003v1","no","no"
"341","AcrIIA15","no","GCF_005931015.2_ASM593101v2","no","no"
"342","AcrIIA15","no","GCF_005931035.2_ASM593103v2","no","no"
"343","AcrIIA15","no","GCF_005931055.2_ASM593105v2","no","no"
"344","AcrIIA15","no","GCF_005954685.1_ASM595468v1","no","no"
"345","AcrIIA15","no","GCF_006088835.1_ASM608883v1","no","no"
"346","AcrIIA15","no","GCF_006094915.1_ASM609491v1","no","no"
"347","AcrIIA15","no","GCF_006158985.1_ASM615898v1","no","no"
"348","AcrIIA15","no","GCF_006364675.1_ASM636467v1","no","no"
"349","AcrIIA15","no","GCF_006364775.1_ASM636477v1","no","no"
"350","AcrIIA15","no","GCF_007185035.1_ASM718503v1","no","no"
"351","AcrIIA15","no","GCF_007410625.1_ASM741062v1","no","no"
"352","AcrIIA15|AcrIIA14","no","GCF_007726325.1_ASM772632v1","no","no"
"353","AcrIIA15","no","GCF_007726465.1_ASM772646v1","no","no"
"354","AcrIIA15","no","GCF_007726495.1_ASM772649v1","no","no"
"355","AcrIIA15","no","GCF_007726525.1_ASM772652v1","no","no"
"356","AcrIIA15","no","GCF_007726545.1_ASM772654v1","no","no"
"357","AcrIIA15","no","GCF_007726565.1_ASM772656v1","no","no"
"358","AcrIIA15","no","GCF_007813675.1_ASM781367v1","no","no"
"359","AcrIIA15","no","GCF_007826355.1_ASM782635v1","no","no"
"360","AcrIIA15|AcrIIA14","no","GCF_007954445.1_ASM795444v1","no","no"
"361","AcrIIA15|AcrIIA14","no","GCF_007954465.1_ASM795446v1","no","no"
"362","AcrIIA15|AcrIIA14","no","GCF_007998145.1_ASM799814v1","no","no"
"363","AcrIIA15","no","GCF_008244705.1_ASM824470v1","no","no"
"364","AcrIIA15","no","GCF_008244725.1_ASM824472v1","no","no"
"365","AcrIIA15","no","GCF_008244745.1_ASM824474v1","no","no"
"366","AcrIIA15","no","GCF_008329865.1_ASM832986v1","no","no"
"367","AcrIIA15","no","GCF_008329885.1_ASM832988v1","no","no"
"368","AcrIIA15","no","GCF_008330045.1_ASM833004v1","no","no"
"369","AcrIIA15","no","GCF_008330585.1_ASM833058v1","no","no"
"370","AcrIIA15","no","GCF_008370815.1_ASM837081v1","no","no"
"371","AcrIIA15","no","GCF_008462245.1_ASM846224v1","no","no"
"372","AcrIIA15","no","GCF_008619075.1_ASM861907v1","no","no"
"373","AcrIIA15","no","GCF_008619235.1_ASM861923v1","no","no"
"374","AcrIIA15","no","GCF_008619415.1_ASM861941v1","no","no"
"375","AcrIIA15","no","GCF_008619595.1_ASM861959v1","AcrIIA14;AcrIIA15","no"
"376","AcrIIA15","no","GCF_008619795.1_ASM861979v1","no","no"
"377","AcrIIA15","no","GCF_008619935.1_ASM861993v1","no","no"
"378","AcrIIA15","no","GCF_008620055.1_ASM862005v1","no","no"
"379","AcrIIA15","no","GCF_008620175.1_ASM862017v1","no","no"
"380","AcrIIA15","no","GCF_008693765.1_ASM869376v1","no","no"
"381","AcrIIA15","no","GCF_009176765.1_ASM917676v1","no","no"
"382","AcrIIA15","no","GCF_009176785.1_ASM917678v1","no","no"
"383","AcrIIA15","no","GCF_009176875.1_ASM917687v1","no","no"
"384","AcrIIA15","no","GCF_009650155.1_ASM965015v1","no","no"
"385","AcrIIA15","no","GCF_009684655.1_ASM968465v1","no","no"
"386","AcrIIA15","no","GCF_009728755.1_ASM972875v1","no","no"
"387","AcrIIA15","no","GCF_009728775.1_ASM972877v1","no","no"
"388","AcrIIA15","no","GCF_009731595.1_ASM973159v1","no","no"
"389","AcrIIA15","no","GCF_009739675.1_ASM973967v1","no","no"
"390","AcrIIA15","no","GCF_009739695.1_ASM973969v1","no","no"
"391","AcrIIA15","no","GCF_009739715.1_ASM973971v1","no","no"
"392","AcrIIA15","no","GCF_009739735.1_ASM973973v1","no","no"
"393","AcrIIA15","no","GCF_009739755.1_ASM973975v1","no","no"
"394","AcrIIA15","no","GCF_009739775.1_ASM973977v1","no","no"
"395","AcrIIA15","no","GCF_009739795.1_ASM973979v1","no","no"
"396","AcrIIA15","no","GCF_009739825.1_ASM973982v1","no","no"
"397","AcrIIA15","no","GCF_009739845.1_ASM973984v1","no","no"
"398","AcrIIA15","no","GCF_009739865.1_ASM973986v1","no","no"
"399","AcrIIA15","no","GCF_009739885.1_ASM973988v1","no","no"
"400","AcrIIA15","no","GCF_009740205.1_ASM974020v1","no","no"
"401","AcrIIA15","no","GCF_009769095.1_ASM976909v1","no","no"
"402","AcrIIA15","no","GCF_009857055.1_ASM985705v1","no","no"
"403","AcrIIA15","no","GCF_009911815.1_ASM991181v1","no","no"
"404","AcrIIA15","no","GCF_009911835.1_ASM991183v1","no","no"
"405","AcrIIA15","no","GCF_009911855.1_ASM991185v1","no","no"
"406","AcrIIA15","no","GCF_009911895.1_ASM991189v1","no","no"
"407","AcrIIA15","no","GCF_009911965.1_ASM991196v1","no","no"
"408","AcrIIA15","no","GCF_009912015.1_ASM991201v1","no","no"
"409","AcrIIA15","no","GCF_009912035.1_ASM991203v1","no","no"
"410","AcrIIA15","no","GCF_009912055.1_ASM991205v1","no","no"
"411","AcrIIA15","no","GCF_009912075.1_ASM991207v1","no","no"
"412","AcrIIA15","no","GCF_009912095.1_ASM991209v1","no","no"
"413","AcrIIA15","no","GCF_009912115.1_ASM991211v1","no","no"
"414","AcrIIA15","no","GCF_009912155.1_ASM991215v1","no","no"
"415","AcrIIA15","no","GCF_009912195.1_ASM991219v1","no","no"
"416","AcrIIA15","no","GCF_009912255.1_ASM991225v1","no","no"
"417","AcrIIA15","no","GCF_009912295.1_ASM991229v1","no","no"
"418","AcrIIA15","no","GCF_009912335.1_ASM991233v1","no","no"
"419","AcrIIA15","no","GCF_009912355.1_ASM991235v1","no","no"
"420","AcrIIA15","no","GCF_009912375.1_ASM991237v1","no","no"
"421","AcrIIA15","no","GCF_009912415.1_ASM991241v1","no","no"
"422","AcrIIA15","no","GCF_009912435.1_ASM991243v1","no","no"
"423","AcrIIA15","no","GCF_009912455.1_ASM991245v1","no","no"
"424","AcrIIA15","no","GCF_009912475.1_ASM991247v1","no","no"
"425","AcrIIA15","no","GCF_009912495.1_ASM991249v1","no","no"
"426","AcrIIA15","no","GCF_009912535.1_ASM991253v1","no","no"
"427","AcrIIA15","no","GCF_009912555.1_ASM991255v1","no","no"
"428","AcrIIA15","no","GCF_009912595.1_ASM991259v1","no","no"
"429","AcrIIA15","no","GCF_009912615.1_ASM991261v1","no","no"
"430","AcrIIA15","no","GCF_009912635.1_ASM991263v1","no","no"
"431","AcrIIA15","no","GCF_009912655.1_ASM991265v1","no","no"
"432","AcrIIA15","no","GCF_009912675.1_ASM991267v1","no","no"
"433","AcrIIA15","no","GCF_009912695.1_ASM991269v1","no","no"
"434","AcrIIA15","no","GCF_009912715.1_ASM991271v1","no","no"
"435","AcrIIA15","no","GCF_009912735.1_ASM991273v1","no","no"
"436","AcrIIA15","no","GCF_009912755.1_ASM991275v1","no","no"
"437","AcrIIA15","no","GCF_009912775.1_ASM991277v1","no","no"
"438","AcrIIA15","no","GCF_009912795.1_ASM991279v1","no","no"
"439","AcrIIA15","no","GCF_009912815.1_ASM991281v1","no","no"
"440","AcrIIA15","no","GCF_009912835.1_ASM991283v1","no","no"
"441","AcrIIA15","no","GCF_009912855.1_ASM991285v1","no","no"
"442","AcrIIA15","no","GCF_009912875.1_ASM991287v1","no","no"
"443","AcrIIA15","no","GCF_009912895.1_ASM991289v1","no","no"
"444","AcrIIA15","no","GCF_009912915.1_ASM991291v1","no","no"
"445","AcrIIA15","no","GCF_009912935.1_ASM991293v1","no","no"
"446","AcrIIA15","no","GCF_009912955.1_ASM991295v1","no","no"
"447","AcrIIA15","no","GCF_009912975.1_ASM991297v1","no","no"
"448","AcrIIA15","no","GCF_009912995.1_ASM991299v1","no","no"
"449","AcrIIA15","no","GCF_009913015.1_ASM991301v1","no","no"
"450","AcrIIA15","no","GCF_009913035.1_ASM991303v1","no","no"
"451","AcrIIA15","no","GCF_009913055.1_ASM991305v1","no","no"
"452","AcrIIA15","no","GCF_009913075.1_ASM991307v1","no","no"
"453","AcrIIA15","no","GCF_009913095.1_ASM991309v1","no","no"
"454","AcrIIA15","no","GCF_009913115.1_ASM991311v1","no","no"
"455","AcrIIA15","no","GCF_009913135.1_ASM991313v1","no","no"
"456","AcrIIA15","no","GCF_009913155.1_ASM991315v1","no","no"
"457","AcrIIA15","no","GCF_009913175.1_ASM991317v1","no","no"
"458","AcrIIA15","no","GCF_009913195.1_ASM991319v1","no","no"
"459","AcrIIA15","no","GCF_009913215.1_ASM991321v1","no","no"
"460","AcrIIA15","no","GCF_009914455.1_ASM991445v1","no","no"
"461","AcrIIA15","no","GCF_009937785.1_ASM993778v1","no","no"
"462","AcrIIA15","no","GCF_010669265.1_ASM1066926v1","no","no"
"463","AcrIIA15","no","GCF_011032785.1_ASM1103278v1","no","no"
"464","AcrIIA15","no","GCF_011035105.1_ASM1103510v1","no","no"
"465","AcrIIA15","no","GCF_012044215.1_ASM1204421v1","no","no"
"466","AcrIIA15","no","GCF_012044475.1_ASM1204447v1","no","no"
"467","AcrIIA15","no","GCF_012974825.1_ASM1297482v1","no","no"
"468","AcrIIA15","no","GCF_013003945.1_ASM1300394v1","no","no"
"469","AcrIIA15","no","GCF_013004085.1_ASM1300408v1","no","no"
"470","AcrIIA15","no","GCF_013008375.1_ASM1300837v1","no","no"
"471","AcrIIA15","no","GCF_013046865.1_ASM1304686v1","no","no"
"472","AcrIIA15","no","GCF_013046885.1_ASM1304688v1","no","no"
"473","AcrIIA15","no","GCF_013187685.1_ASM1318768v1","no","no"
"474","AcrIIA15","no","GCF_013305885.1_ASM1330588v1","no","no"
"475","AcrIIA15","no","GCF_013305905.1_ASM1330590v1","no","no"
"476","AcrIIA15","no","GCF_013305955.1_ASM1330595v1","no","no"
"477","AcrIIA15","no","GCF_013307005.2_ASM1330700v2","no","no"
"478","AcrIIA15","no","GCF_013307025.1_ASM1330702v1","no","no"
"479","AcrIIA15","no","GCF_013307065.1_ASM1330706v1","no","no"
"480","AcrIIA15","no","GCF_013307085.1_ASM1330708v1","no","no"
"481","AcrIIA15","no","GCF_013363895.1_ASM1336389v1","no","no"
"482","AcrIIA15","no","GCF_013389715.1_ASM1338971v1","no","no"
"483","AcrIIA15","no","GCF_013394425.1_ASM1339442v1","no","no"
"484","AcrIIA15","no","GCF_013415955.1_ASM1341595v1","no","no"
"485","AcrIIA15","no","GCF_013467165.1_ASM1346716v1","no","no"
"486","AcrIIA15","no","GCF_013467405.1_ASM1346740v1","no","no"
"487","AcrIIA15","no","GCF_013836525.1_ASM1383652v1","AcrIIA15;AcrIIIB1;AcrIIA14;AcrVA5;AcrIIA7","no"
"488","AcrIIA15","no","GCF_013836745.1_ASM1383674v1","no","no"
"489","AcrIIA15","no","GCF_015219885.1_ASM1521988v1","no","no"
"490","AcrIIA15","no","GCF_015219905.1_ASM1521990v1","no","no"
"491","AcrIIA15","no","GCF_015219925.1_ASM1521992v1","no","no"
"492","AcrIIA15","no","GCF_015220695.1_ASM1522069v1","no","no"
"493","AcrIIA15","no","GCF_015244035.1_ASM1524403v1","no","no"
"494","AcrIIA15","no","GCF_015475575.1_ASM1547557v1","no","no"
"495","AcrIIA15","no","GCF_015732455.1_ASM1573245v1","no","no"
"496","AcrIIA15","no","GCF_015767475.1_ASM1576747v1","no","no"
"497","AcrIIA15","no","GCF_015767495.1_ASM1576749v1","no","no"
"498","AcrIIA15","no","GCF_015774815.1_ASM1577481v1","no","no"
"499","AcrIIA15","no","GCF_015774835.1_ASM1577483v1","no","no"
"500","AcrIIA15","no","GCF_015774855.1_ASM1577485v1","no","no"
"501","AcrIIA15","no","GCF_015999445.1_ASM1599944v1","no","no"
"502","AcrIIA15","no","GCF_016065215.1_ASM1606521v1","no","no"
"503","AcrIIA15","no","GCF_016413705.1_ASM1641370v1","no","no"
"504","AcrIIA15|AcrIIA14","no","GCF_016413725.1_ASM1641372v1","no","no"
"505","AcrIIA15","no","GCF_016496025.1_ASM1649602v1","AcrIIA15;AcrIIIB1;AcrIIA14","no"
"506","AcrIIA15","no","GCF_016591995.1_ASM1659199v1","no","no"
"507","AcrIIA15","no","GCF_016727585.1_ASM1672758v1","no","no"
"508","AcrIIA15","no","GCF_016889145.1_ASM1688914v1","no","no"
"509","AcrIIA15","no","GCF_016889945.1_ASM1688994v1","no","no"
"510","AcrIIA15","no","GCF_016894285.1_ASM1689428v1","no","no"
"511","AcrIIA15","no","GCF_017088305.1_ASM1708830v1","no","no"
"512","AcrIIA15","no","GCF_017088385.1_ASM1708838v1","no","no"
"513","AcrIIA15","no","GCF_017161095.1_ASM1716109v1","no","no"
"514","AcrIIA15","no","GCF_017798245.1_ASM1779824v1","no","no"
"515","AcrIIA15","no","GCF_018075265.1_ASM1807526v1","no","no"
"516","AcrIIA15","no","GCF_018093065.1_ASM1809306v1","no","no"
"517","AcrIIA15","no","GCF_018093105.1_ASM1809310v1","no","no"
"518","AcrIIA15","no","GCF_018093205.1_ASM1809320v1","no","no"
"519","AcrIIA15","no","GCF_018093225.1_ASM1809322v1","no","no"
"520","AcrIIA15","no","GCF_018135565.1_ASM1813556v1","no","no"
"521","AcrIIA15","no","GCF_018141385.1_ASM1814138v1","no","no"
"522","AcrIIA15","no","GCF_018336515.1_ASM1833651v1","no","no"
"523","AcrIIA15","no","GCF_018336535.1_ASM1833653v1","no","no"
"524","AcrIIA15","no","GCF_018399115.1_ASM1839911v1","no","no"
"525","AcrIIA15","no","GCF_018409145.1_ASM1840914v1","no","no"
"526","AcrIIA15","no","GCF_018732165.1_ASM1873216v1","no","no"
"527","AcrIIA15","no","GCF_018968725.1_ASM1896872v1","no","no"
"528","AcrIIA15","no","GCF_018987325.1_ASM1898732v1","no","no"
"529","AcrIIA15","no","GCF_018987345.1_ASM1898734v1","no","no"
"530","AcrIIA15","no","GCF_018987365.1_ASM1898736v1","no","no"
"531","AcrIIA15","no","GCF_019134615.1_ASM1913461v1","no","no"
"532","AcrIIA15","no","GCF_019134635.1_ASM1913463v1","no","no"
"533","AcrIIA15","no","GCF_019334585.1_ASM1933458v1","no","no"
"534","AcrIIA15","no","GCF_019550875.1_ASM1955087v1","no","no"
"535","AcrIIA15","no","GCF_019550945.1_ASM1955094v1","no","no"
"536","AcrIIA15","no","GCF_019551035.1_ASM1955103v1","no","no"
"537","AcrIIA15","no","GCF_019551095.1_ASM1955109v1","no","no"
"538","AcrIIA15","no","GCF_019551175.1_ASM1955117v1","no","no"
"539","AcrIIA15","no","GCF_019551235.1_ASM1955123v1","no","no"
"540","AcrIIA15","no","GCF_019551315.1_ASM1955131v1","no","no"
"541","AcrIIA15","no","GCF_019551355.1_ASM1955135v1","no","no"
"542","AcrIIA15","no","GCF_019551375.1_ASM1955137v1","no","no"
"543","AcrIIA15","no","GCF_019551415.1_ASM1955141v1","no","no"
"544","AcrIIA15","no","GCF_019603375.1_ASM1960337v1","no","no"
"545","AcrIIA15","no","GCF_019653615.1_ASM1965361v1","no","no"
"546","AcrIIA15","no","GCF_019669165.1_ASM1966916v1","no","no"
"547","AcrIIA15","no","GCF_019669245.1_ASM1966924v1","no","no"
"548","AcrIIA15","no","GCF_019669345.1_ASM1966934v1","no","no"
"549","AcrIIA15","no","GCF_019669385.1_ASM1966938v1","no","no"
"550","AcrIIA15","no","GCF_019738975.1_ASM1973897v1","no","no"
"551","AcrIIA15","no","GCF_019915405.1_ASM1991540v1","no","no"
"552","AcrIIA15","no","GCF_019915425.1_ASM1991542v1","no","no"
"553","AcrIIA15","no","GCF_019915585.1_ASM1991558v1","no","no"
"554","AcrIIA15","no","GCF_020003145.1_ASM2000314v1","no","no"
"555","AcrIIA15","no","GCF_020003165.1_ASM2000316v1","no","no"
"556","AcrIIA15","no","GCF_020034535.1_ASM2003453v1","no","no"
"557","AcrIIA15","no","GCF_020042725.1_ASM2004272v1","no","no"
"558","AcrIIA15","no","GCF_020097755.1_ASM2009775v1","no","no"
"559","AcrIIA15","no","GCF_020150915.1_ASM2015091v1","no","no"
"560","AcrIIA15","no","GCF_020386595.1_ASM2038659v1","no","no"
"561","AcrIIA15","no","GCF_020388075.1_ASM2038807v1","no","no"
"562","AcrIIA15","no","GCF_020388095.1_ASM2038809v1","no","no"
"563","AcrIIA15","no","GCF_020388115.1_ASM2038811v1","no","no"
"564","AcrIIA15","no","GCF_020388135.1_ASM2038813v1","no","no"
"565","AcrIIA15","no","GCF_020388155.1_ASM2038815v1","no","no"
"566","AcrIIA15","no","GCF_020388175.1_ASM2038817v1","no","no"
"567","AcrIIA15","no","GCF_020388195.1_ASM2038819v1","no","no"
"568","AcrIIA15","no","GCF_020388215.1_ASM2038821v1","no","no"
"569","AcrIIA15","no","GCF_020388235.1_ASM2038823v1","no","no"
"570","AcrIIA15","no","GCF_020388255.1_ASM2038825v1","no","no"
"571","AcrIIA15","no","GCF_020388275.1_ASM2038827v1","no","no"
"572","AcrIIA15","no","GCF_020388295.1_ASM2038829v1","no","no"
"573","AcrIIA15","no","GCF_020388315.1_ASM2038831v1","no","no"
"574","AcrIIA15","no","GCF_020388335.1_ASM2038833v1","no","no"
"575","AcrIIA15","no","GCF_020388355.1_ASM2038835v1","no","no"
"576","AcrIIA15","no","GCF_020388395.1_ASM2038839v1","no","no"
"577","AcrIIA15","no","GCF_020388555.1_ASM2038855v1","no","no"
"578","AcrIIA15","no","GCF_020388655.1_ASM2038865v1","no","no"
"579","AcrIIA15","no","GCF_020388675.1_ASM2038867v1","no","no"
"580","AcrIIA15","no","GCF_020388695.1_ASM2038869v1","no","no"
"581","AcrIIA15","no","GCF_020388715.1_ASM2038871v1","no","no"
"582","AcrIIA15","no","GCF_020388735.1_ASM2038873v1","no","no"
"583","AcrIIA15","no","GCF_020388765.1_ASM2038876v1","no","no"
"584","AcrIIA15","no","GCF_020388785.1_ASM2038878v1","no","no"
"585","AcrIIA15","no","GCF_020388805.1_ASM2038880v1","no","no"
"586","AcrIIA15","no","GCF_020388825.1_ASM2038882v1","no","no"
"587","AcrIIA15","no","GCF_020388845.1_ASM2038884v1","no","no"
"588","AcrIIA15","no","GCF_020388885.1_ASM2038888v1","no","no"
"589","AcrIIA15","no","GCF_020388905.1_ASM2038890v1","no","no"
"590","AcrIIA15","no","GCF_020388925.1_ASM2038892v1","no","no"
"591","AcrIIA15","no","GCF_020388965.1_ASM2038896v1","no","no"
"592","AcrIIA15","no","GCF_020388985.1_ASM2038898v1","no","no"
"593","AcrIIA15","no","GCF_020389005.1_ASM2038900v1","no","no"
"594","AcrIIA15","no","GCF_020389025.2_ASM2038902v2","no","no"
"595","AcrIIA15","no","GCF_020389165.1_ASM2038916v1","no","no"
"596","AcrIIA15","no","GCF_020389265.1_ASM2038926v1","no","no"
"597","AcrIIA15","no","GCF_020389325.1_ASM2038932v1","no","no"
"598","AcrIIA15","no","GCF_020389425.1_ASM2038942v1","no","no"
"599","AcrIIA15","no","GCF_020389445.1_ASM2038944v1","no","no"
"600","AcrIIA15","no","GCF_020389485.1_ASM2038948v1","no","no"
"601","AcrIIA15","no","GCF_020389505.1_ASM2038950v1","no","no"
"602","AcrIIA15","no","GCF_020389525.1_ASM2038952v1","no","no"
"603","AcrIIA15","no","GCF_020389545.1_ASM2038954v1","no","no"
"604","AcrIIA15","no","GCF_020389565.1_ASM2038956v1","no","no"
"605","AcrIIA15","no","GCF_020526105.1_ASM2052610v1","no","no"
"606","AcrIIA15","no","GCF_020881895.1_ASM2088189v1","no","no"
"607","AcrIIA15","no","GCF_020886635.1_ASM2088663v1","no","no"
"608","AcrIIA15","no","GCF_020887155.1_ASM2088715v1","no","no"
"609","AcrIIA15","no","GCF_020887215.1_ASM2088721v1","no","no"
"610","AcrIIA15","no","GCF_020889645.1_ASM2088964v1","no","no"
"611","AcrIIA15","no","GCF_020889665.1_ASM2088966v1","no","no"
"612","AcrIIA15","no","GCF_020985245.1_ASM2098524v1","no","no"
"613","AcrIIA15","no","GCF_021172825.1_ASM2117282v1","no","no"
"614","AcrIIA15","no","GCF_021172845.1_ASM2117284v1","no","no"
"615","AcrIIA15","no","GCF_021172865.1_ASM2117286v1","no","no"
"616","AcrIIA15","no","GCF_021172885.1_ASM2117288v1","no","no"
"617","AcrIIA15","no","GCF_021172905.1_ASM2117290v1","no","no"
"618","AcrIIA15","no","GCF_021172925.1_ASM2117292v1","no","no"
"619","AcrIIA15","no","GCF_021172945.1_ASM2117294v1","no","no"
"620","AcrIIA15","no","GCF_021249285.1_ASM2124928v1","no","no"
"621","AcrIIA15","no","GCF_021390135.1_ASM2139013v1","no","no"
"622","AcrIIA15","no","GCF_021491715.1_ASM2149171v1","no","no"
"623","AcrIIA15","no","GCF_021491735.1_ASM2149173v1","no","no"
"624","AcrIIA15","no","GCF_021491775.1_ASM2149177v1","no","no"
"625","AcrIIA15","no","GCF_021491835.1_ASM2149183v1","no","no"
"626","AcrIIA15","no","GCF_021491895.1_ASM2149189v1","no","no"
"627","AcrIIA15","no","GCF_021513355.1_ASM2151335v1","no","no"
"628","AcrIIA15","no","GCF_021869805.1_ASM2186980v1","no","no"
"629","AcrIIA15","no","GCF_900004855.1_BB155","no","no"
"630","AcrIIA15","no","GCF_900017775.1_NZAK3","no","no"
"631","AcrIIA15","no","GCF_900092595.1_Sa_Newman_UoM","no","no"
"632","AcrIIA15","no","GCF_900096745.1_AUS0325","no","no"
"633","AcrIIA15","no","GCF_900129335.1_PP_HGAG_QV30_2SC_T4","no","no"
"634","AcrIIA15","no","GCF_900155335.1_NZ15MR0322","no","no"
"635","AcrIIA15","no","GCF_900323905.1_24117-WT","no","no"
"636","AcrIIA15","no","GCF_900323925.1_1549-WT","no","no"
"637","AcrIIA15","no","GCF_900323955.1_1549-REV","no","no"
"638","AcrIIA15","no","GCF_900323965.1_1549-SCV","no","no"
"639","AcrIIA15","no","GCF_900324045.1_24117-REV","no","no"
"640","AcrIIA15","no","GCF_900324065.1_24117-SCV","no","no"
"641","AcrIIA15","no","GCF_900324205.1_1_1439","no","no"
"642","AcrIIA15","no","GCF_900324215.1_3_LA_115","no","no"
"643","AcrIIA15","no","GCF_900324225.1_7_4623","no","no"
"644","AcrIIA15|AcrIIA14","no","GCF_900324235.1_5_3949","no","no"
"645","AcrIIA15","no","GCF_900324245.1_8_LA_272","no","no"
"646","AcrIIA15","no","GCF_900324255.1_2_LA_86","no","no"
"647","AcrIIA15","no","GCF_900324265.1_9_LA_281","no","no"
"648","AcrIIA15","no","GCF_900324275.1_6_LA_232","no","no"
"649","AcrIIA15","no","GCF_900324285.1_4_LA_208","no","no"
"650","AcrIIA15","no","GCF_900324295.1_16_LA_309","no","no"
"651","AcrIIA15","no","GCF_900324305.1_13_LA_301","no","no"
"652","AcrIIA15","no","GCF_900324315.1_12_LA_293","no","no"
"653","AcrIIA15","no","GCF_900324325.1_14_5418","no","no"
"654","AcrIIA15","no","GCF_900324335.1_15_LA_305","no","no"
"655","AcrIIA15|AcrIIA14","no","GCF_900324345.1_17_LA_343","no","no"
"656","AcrIIA15","no","GCF_900324355.1_10_5235","no","no"
"657","AcrIIA15","no","GCF_900324365.1_19_LA_388","no","no"
"658","AcrIIA15","no","GCF_900324385.1_20_LA_415","no","no"
"659","AcrIIA15","no","GCF_900324405.1_21_LA_436","no","no"
"660","AcrIIA15","no","GCF_900324415.1_22_LA_562","no","no"
"661","AcrIIA15","no","GCF_900474525.1_40677_F01","no","no"
"662","AcrIIA15","no","GCF_900474535.1_40853_C01","no","no"
"663","AcrIIA15","no","GCF_900474555.1_40657_E01","no","no"
"664","AcrIIA15","no","GCF_900474565.1_41315_B01","no","no"
"665","AcrIIA15","no","GCF_900474575.1_40415_F02","no","no"
"666","AcrIIA15","no","GCF_900474665.1_41236_D02","no","no"
"667","AcrIIA15","no","GCF_900474675.1_40961_F01","no","no"
"668","AcrIIA15","no","GCF_900474695.1_41004_B01","no","no"
"669","AcrIIA15","no","GCF_900474715.1_41004_D01","no","no"
"670","AcrIIA15","no","GCF_900474725.1_40677_A01","no","no"
"671","AcrIIA15","no","GCF_900474735.1_40871_F01","no","no"
"672","AcrIIA15","no","GCF_900474755.1_41236_E02","no","no"
"673","AcrIIA15","no","GCF_900475055.1_42197_E02","no","no"
"674","AcrIIA15","no","GCF_900475245.1_43024_E01","no","no"
"675","AcrIIA15","no","GCF_900478245.1_35910_A02","no","no"
"676","AcrIIA15","no","GCF_900607245.1_JKD6009","no","no"
"677","AcrIIA15","no","GCF_900607255.1_BPH2019","no","no"
"678","AcrIIA15","no","GCF_900607265.1_BPH2003","no","no"
"679","AcrIIA15","no","GCF_900607275.1_BPH2070","no","no"
"680","AcrIIA15","no","GCF_900607285.1_BPH3244","no","no"
"681","AcrIIA15","no","GCF_900607295.1_BPH2869","no","no"
"682","AcrIIA15","no","GCF_900607305.1_BPH2056","no","no"
"683","AcrIIA15","no","GCF_900620215.1_BPH2760","no","no"
"684","AcrIIA15","no","GCF_900620225.1_BPH2819","no","no"
"685","AcrIIA15","no","GCF_900620235.1_BPH2900","no","no"
"686","AcrIIA15","no","GCF_900620245.1_BPH2947","no","no"
"687","AcrIIA15","no","GCF_900620255.1_BPH2986","no","no"
"688","AcrIIA15","no","GCF_900635095.1_33763_A01","no","no"
"689","AcrIIA15","no","GCF_900635245.1_40415_C02","no","no"
"690","AcrIIA15","no","GCF_900635255.1_40415_D02","no","no"
"691","AcrIIA15","no","GCF_900635265.1_40574_H02","no","no"
"692","AcrIIA15","no","GCF_900635285.1_40677_B02","no","no"
"693","AcrIIA15","no","GCF_900635305.1_40961_G01","no","no"
"694","AcrIIA15","no","GCF_900635315.1_41255_H01","no","no"
"695","AcrIIA15","no","GCF_900635335.1_41556_G01","no","no"
"696","AcrIIA15","no","GCF_900635505.1_3012STDY6191362","no","no"
"697","AcrIIA15","no","GCF_900635905.1_35910_F01","no","no"
"698","AcrIIA15","no","GCF_900636335.1_40798_F01","no","no"
"699","AcrIIA15","no","GCF_900636695.1_43874_B01","no","no"
"700","AcrIIA15","no","GCF_900637155.1_49386_H02","no","no"
"701","AcrIIA15","no","GCF_903932595.1_P3.1","no","no"
"702","AcrIIA15","no","GCF_903932605.1_HU-14","no","no"
